st_name,st_line,st_lat,st_lng
소요산역,1호선,37.9488975919392,127.061128608638
동두천역,1호선,37.9276132662293,127.05492800053
보산역,1호선,37.9141449200828,127.057178751034
동두천중앙역,1호선,37.9017807357936,127.05642330094
지행역,1호선,37.89187790665784,127.05566541206078
덕정역,1호선,37.8431876500694,127.06155932141
덕계역,1호선,37.8187525814885,127.056691678415
양주역,1호선,37.7741421622165,127.044721319691
녹양역,1호선,37.759385253302,127.042279351606
가능역,1호선,37.7483963196456,127.044288264841
의정부역,1호선,37.7383624923599,127.045956826767
회룡역,1호선,37.7238058806629,127.047295368138
망월사역,1호선,37.7102191609902,127.047418285506
도봉산역,1호선,37.68956123294353,127.04606047975255
도봉역,1호선,37.6792119046658,127.045534886672
방학역,1호선,37.6674383662755,127.044321721307
창동역,1호선,37.6533385121404,127.047644999036
녹천역,1호선,37.6446334450742,127.051383151942
월계역,1호선,37.6332775453974,127.058857087601
광운대역,1호선,37.6238373628149,127.061695160651
석계역,1호선,37.6150055279479,127.065688331494
신이문역,1호선,37.6017816437084,127.067398003775
외대앞역,1호선,37.5962732416653,127.06369251069
회기역,1호선,37.5897962196601,127.058048369273
청량리역,1호선,37.5800388582901,127.044727231311
제기동역,1호선,37.5781752985683,127.034949495921
신설동역,1호선,37.5760299683175,127.024456700382
동묘앞역,1호선,37.5732166600283,127.016364227103
동대문역,1호선,37.5716676040162,127.010631546623
종로5가역,1호선,37.570976108369,127.001539477188
종로3가역,1호선,37.570420844523,126.992153252476
종각역,1호선,37.5702288920691,126.983151948921
시청역,1호선,37.5653444955867,126.977199342956
서울역,1호선,37.5559802396321,126.972091251236
남영역,1호선,37.5405657717581,126.971332097936
용산역,1호선,37.52977360379245,126.96474263398179
노량진역,1호선,37.5140547961008,126.942109882124
대방역,1호선,37.5133541411624,126.926496753621
신길역,1호선,37.51678703217714,126.91836721069228
영등포역,1호선,37.5156726288261,126.907550274975
신도림역,1호선,37.508908482648,126.891312500851
구로역,1호선,37.50334245844327,126.88230919182318
구일역,1호선,37.496254517687,126.86969110539
개봉역,1호선,37.4946417150651,126.858715959622
오류동역,1호선,37.49439720933549,126.84480744815397
온수역,1호선,37.4923999909922,126.823828819915
역곡역,1호선,37.485314358615625,126.81205932067193
소사역,1호선,37.48280032710237,126.79564427244556
부천역,1호선,37.4839888842916,126.783081743529
중동역,1호선,37.4866816250266,126.764535113735
송내역,1호선,37.48762042978674,126.75303966172912
부개역,1호선,37.488477043182,126.740730089704
부평역,1호선,37.4894490429055,126.724331088618
백운역,1호선,37.483342495597,126.707294407871
동암역,1호선,37.4706957867304,126.702889753462
간석역,1호선,37.4647071796968,126.693517898292
주안역,1호선,37.4650532935666,126.679970189053
도화역,1호선,37.4661175111199,126.668575935273
제물포역,1호선,37.466733104861405,126.65696637554376
도원역,1호선,37.46877345079704,126.64253289201078
동인천역,1호선,37.47540823022216,126.63261829085184
인천역,1호선,37.4761676094062,126.616821060576
가산디지털단지역,1호선,37.4815311901749,126.882614758479
독산역,1호선,37.4659755677766,126.889475639948
금천구청역,1호선,37.4561943743749,126.893608614581
광명역,1호선,37.4167362171922,126.884961689119
금천구청역,1호선,37.4561943743749,126.893608614581
석수역,1호선,37.43509293822681,126.90232078368835
관악역,1호선,37.41956795517324,126.90849999541258
안양역,1호선,37.4016838636508,126.922729807594
명학역,1호선,37.3844604191546,126.935592791667
금정역,1호선,37.3723365607104,126.943271168756
군포역,1호선,37.35419227847359,126.948517502286
당정역,1호선,37.343689819399884,126.94837119045768
의왕역,1호선,37.3203421132836,126.9479765012
성균관대역,1호선,37.3003290017027,126.971022000022
화서역,1호선,37.2840016829776,126.9896120326472
수원역,1호선,37.26568218296588,127.00004960484385
세류역,1호선,37.243872520123844,127.01379969649852
병점역,1호선,37.206752699495524,127.03320037309325
세마역,1호선,37.1871352848477,127.043426817312
오산대역,1호선,37.1693504386917,127.063075726398
오산역,1호선,37.1447171633287,127.066630122646
진위역,1호선,37.1100790285838,127.062355993621
송탄역,1호선,37.0757126572027,127.05428046136659
서정리역,1호선,37.0565637021655,127.052881703722
지제역,1호선,37.0189003501333,127.070511577443
평택역,1호선,36.9908490091432,127.085272971043
성환역,1호선,36.9159530167598,127.126837110236
직산역,1호선,36.8709328418739,127.143823728817
두정역,1호선,36.8335990318913,127.149080841068
천안역,1호선,36.8105230585171,127.146489919432
봉명역,1호선,36.8014198330363,127.1360381121
쌍용역,1호선,36.7937257780754,127.121378271233
아산역,1호선,36.7921165665983,127.104076682696
배방역,1호선,36.7776965014173,127.052788090648
온양온천역,1호선,36.7805448837693,127.003181472942
신창역,1호선,36.7696422998843,126.951393082675
서동탄역,1호선,37.1957351505295,127.051856779194
까치산역,2호선,37.5314060103327,126.846948282657
신정네거리역,2호선,37.5202231231721,126.852889567642
양천구청역,2호선,37.5123888716808,126.865722369229
도림천역,2호선,37.5145080414761,126.882649092584
신도림역,2호선,37.50822039056664,126.89161208770004
문래역,2호선,37.5179757181801,126.894778820701
영등포구청역,2호선,37.5258305311402,126.89667739939
당산역,2호선,37.5347843171332,126.902611795523
합정역,2호선,37.5499122605939,126.914456329462
홍대입구역,2호선,37.5568707448873,126.923778562273
신촌역,2호선,37.55519907036358,126.93698075917935
이대역,2호선,37.556814719896,126.946431808973
아현역,2호선,37.55740617797663,126.95614644008904
충정로역,2호선,37.5597623875712,126.964493206988
시청역,2호선,37.5636827382285,126.9755971383
을지로입구역,2호선,37.5660373193635,126.982193047079
을지로3가역,2호선,37.5662905969967,126.9909855674
을지로4가역,2호선,37.5666405038268,126.997632059113
동대문역사문화공원역,2호선,37.5656635044556,127.009005301929
신당역,2호선,37.5656730531732,127.019477533278
상왕십리역,2호선,37.564438467635,127.029274674797
왕십리역,2호선,37.5612683640285,127.037101112459
한양대역,2호선,37.5557159860408,127.043639802768
뚝섬역,2호선,37.547241554679,127.04738727881
성수역,2호선,37.5445888153751,127.056066999327
건대입구역,2호선,37.5404084182632,127.069202917341
구의역,2호선,37.5371752725594,127.086180837795
강변역,2호선,37.5351180385975,127.094741101863
잠실나루역,2호선,37.5207124124456,127.103808749487
잠실역,2호선,37.513312862699,127.100228759082
잠실새내역,2호선,37.5116263587296,127.086314327913
종합운동장역,2호선,37.5111446632705,127.073849447402
삼성역,2호선,37.5088227390184,127.063025473533
선릉역,2호선,37.504497373492,127.048961694022
역삼역,2호선,37.5006744185994,127.03646946847
강남역,2호선,37.4980854357918,127.028000275071
교대역,2호선,37.4938999991414,127.014383829781
서초역,2호선,37.4918499338918,127.007662120039
방배역,2호선,37.4814561268152,126.997553345516
사당역,2호선,37.4765604303289,126.981558584016
낙성대역,2호선,37.4770932409965,126.963523905001
서울대입구역,2호선,37.4812845080678,126.952713197762
봉천역,2호선,37.4824725161034,126.941686527151
신림역,2호선,37.4842680361482,126.929745374123
신대방역,2호선,37.4876522647152,126.913509735491
구로디지털단지역,2호선,37.4852605752505,126.901473080039
대림역,2호선,37.4933099444417,126.894931036051
용답역,2호선,37.5621245777796,127.050891808569
신답역,2호선,37.5698386846442,127.047080117369
용두역,2호선,37.5740621283646,127.038275698211
신설동역,2호선,37.5748045192005,127.024918166399
대화역,3호선,37.676157377075,126.747500970967
주엽역,3호선,37.6701494878278,126.761263524195
정발산역,3호선,37.659480619983,126.773405960872
마두역,3호선,37.6522411365818,126.777611729721
백석역,3호선,37.6429623651607,126.788131509803
대곡역,3호선,37.6316955592152,126.810929998862
화정역,3호선,37.6346440058753,126.832688422366
원당역,3호선,37.6531102058516,126.842918441607
원흥역,3호선,37.6506921774602,126.87302523491
삼송역,3호선,37.6530749531282,126.895671839107
지축역,3호선,37.6481486423031,126.913854269202
구파발역,3호선,37.6364357889145,126.918852820009
연신내역,3호선,37.6192032466353,126.921100704496
불광역,3호선,37.6100477979795,126.930315826401
녹번역,3호선,37.6008067681825,126.935828008217
홍제역,3호선,37.5887953806088,126.944158007985
무악재역,3호선,37.5825632263526,126.950230954136
독립문역,3호선,37.5744680817828,126.957915974354
경복궁역,3호선,37.5758061234865,126.973691352767
안국역,3호선,37.576500118896,126.985423696742
종로3가역,3호선,37.5715632878291,126.991876930132
을지로3가역,3호선,37.5664312655685,126.992615486076
충무로역,3호선,37.5613965840169,126.994150735779
동대입구역,3호선,37.5590540173075,127.005314877093
약수역,3호선,37.5545053994984,127.010891666957
금호역,3호선,37.5482627248715,127.015829169834
옥수역,3호선,37.5415662783673,127.017393782846
압구정역,3호선,37.5264921751712,127.0285086593
신사역,3호선,37.5164350739218,127.020310824772
잠원역,3호선,37.5128899169357,127.011419491429
고속터미널역,3호선,37.504553359813926,127.00513910447133
교대역,3호선,37.4927431676548,127.013867969161
남부터미널역,3호선,37.4851996335293,127.01620028391
양재역,3호선,37.4845759109484,127.034164133397
매봉역,3호선,37.4869394661317,127.046711448388
도곡역,3호선,37.4909757841747,127.055497705714
대치역,3호선,37.4944966528582,127.063203409529
학여울역,3호선,37.4968851977644,127.071166599707
대청역,3호선,37.4937083222418,127.07952699005
일원역,3호선,37.4839886684666,127.084129757128
수서역,3호선,37.487560248798,127.102410530715
가락시장역,3호선,37.4922493218664,127.11764173832
경찰병원역,3호선,37.4960049150853,127.124482397777
오금역,3호선,37.50236083340425,127.12848061228276
당고개역,4호선,37.6702168353314,127.079066619316
상계역,4호선,37.660720544722,127.073421632239
노원역,4호선,37.6563403513278,127.063449137455
창동역,4호선,37.6533706449195,127.04838841056
쌍문역,4호선,37.6485426057036,127.03465609756
수유역,4호선,37.637884492978,127.025510241279
미아역,4호선,37.6266544891889,127.026041090189
미아사거리역,4호선,37.6132792649944,127.030086636648
길음역,4호선,37.603394782557096,127.02505906491119
성신여대입구역,4호선,37.5929699315407,127.017124928876
한성대입구역,4호선,37.5884228114979,127.006018948943
혜화역,4호선,37.5820439179086,127.001942745502
동대문역,4호선,37.5709072753658,127.009313828405
동대문역사문화공원역,4호선,37.5651446088803,127.007914106882
충무로역,4호선,37.5615119611571,126.995255388268
명동역,4호선,37.5609634671841,126.986400086711
회현역,4호선,37.558760244882336,126.97843725718793
서울역,4호선,37.5530287004642,126.972644620034
숙대입구역,4호선,37.5445952301115,126.972118127373
삼각지역,4호선,37.5344393447708,126.972922951307
신용산역,4호선,37.5292591489375,126.967965039183
이촌역,4호선,37.522566199196,126.9740607419023
동작역,4호선,37.5029777751104,126.980317100738
총신대입구역,4호선,37.4867995957995,126.982211871752
사당역,4호선,37.4775912070902,126.98169851997
남태령역,4호선,37.4642499558525,126.989085267707
선바위역,4호선,37.451747988798516,127.00222869400723
경마공원역,4호선,37.4439629881231,127.007838042533
대공원역,4호선,37.4360557449009,127.006752481821
과천역,4호선,37.4328771044773,126.996619382321
정부과천청사역,4호선,37.4265047272927,126.989868044926
인덕원역,4호선,37.4014941709597,126.976679855187
평촌역,4호선,37.39423950914369,126.9638080221341
범계역,4호선,37.3897837540429,126.950783269518
금정역,4호선,37.3724700097339,126.943474284449
산본역,4호선,37.3580193085257,126.933046329836
수리산역,4호선,37.3505579695805,126.92563095069
대야미역,4호선,37.327965125951,126.916897519557
반월역,4호선,37.3123817631801,126.90382444207
상록수역,4호선,37.30285235924208,126.8666056400078
한대앞역,4호선,37.3097642520521,126.853688654794
중앙역,4호선,37.3160120850251,126.83849638923743
고잔역,4호선,37.31679729846911,126.82303461775037
초지역,4호선,37.3206666081827,126.805967131378
안산역,4호선,37.3270130575427,126.788881942392
신길온천역,4호선,37.337633057163956,126.7670414423186
정왕역,4호선,37.3518229615641,126.742929908305
오이도역,4호선,37.36170269464333,126.73840352940697
방화역,5호선,37.5776031994404,126.812819296675
개화산역,5호선,37.5725371505293,126.806814314979
김포공항역,5호선,37.5620980100137,126.801254548071
송정역,5호선,37.5611612387718,126.812430347154
마곡역,5호선,37.56022863776301,126.82469691791624
발산역,5호선,37.5586795483395,126.837738666588
우장산역,5호선,37.5488170866429,126.836325138536
화곡역,5호선,37.5416507925709,126.840455026335
까치산역,5호선,37.5322306724471,126.846444264065
신정역,5호선,37.5250276134139,126.856097474225
목동역,5호선,37.5261333139242,126.864625274831
오목교역,5호선,37.5245340839144,126.875307312696
양평역,5호선,37.5255796429707,126.886419282885
영등포구청역,5호선,37.5242291583027,126.895322094259
영등포시장역,5호선,37.522709383885,126.905179566968
신길역,5호선,37.517663974187,126.914913947722
여의도역,5호선,37.5217753947299,126.924397990207
여의나루역,5호선,37.5271469489465,126.93298596744
마포역,5호선,37.5395549311262,126.945864834547
공덕역,5호선,37.5445416897534,126.951451177648
애오개역,5호선,37.5534131497489,126.956669363197
충정로역,5호선,37.56042867918723,126.96303964820936
서대문역,5호선,37.5657528373011,126.966636426216
광화문역,5호선,37.5716477085545,126.976423148119
종로3가역,5호선,37.5725903129065,126.990418811667
을지로4가역,5호선,37.5675631311341,126.998044047647
동대문역사문화공원역,5호선,37.56462215433,127.005790659048
청구역,5호선,37.5602101936978,127.013943845279
신금호역,5호선,37.5544752914945,127.020493165536
행당역,5호선,37.5573637818732,127.029511840513
왕십리역,5호선,37.5620395442549,127.037332388855
마장역,5호선,37.5661389565959,127.042984855663
답십리역,5호선,37.56697480965114,127.05256127651293
장한평역,5호선,37.5616029900695,127.063703730302
군자역,5호선,37.5571496853206,127.079512877207
아차산역,5호선,37.5522482688631,127.089566085085
광나루역,5호선,37.5452991715677,127.103521464507
천호역,5호선,37.5385112120297,127.12392845044
강동역,5호선,37.5358819145235,127.132396300314
길동역,5호선,37.5378264874159,127.140021295948
굽은다리역,5호선,37.5455175915913,127.142882741733
명일역,5호선,37.5513978958277,127.14404374474
고덕역,5호선,37.5550467687924,127.154163876055
상일동역,5호선,37.5566778757215,127.165905758209
둔촌동역,5호선,37.52765684247226,127.13621464981398
올림픽공원역,5호선,37.5163389870117,127.130963675401
방이역,5호선,37.5087506251989,127.126096046986
오금역,5호선,37.5021388575469,127.127953219596
개롱역,5호선,37.4979682783882,127.135079598384
거여역,5호선,37.4933304500736,127.143773841911
마천역,5호선,37.4950381629493,127.152859864985
신내역,6호선,37.6124910157349,127.104271439503
봉화산역,6호선,37.6173526373999,127.091361250519
화랑대역,6호선,37.6198415528121,127.08354407564
태릉입구역,6호선,37.6173499119222,127.07475176155
석계역,6호선,37.6151491167469,127.066703301093
돌곶이역,6호선,37.61055222857029,127.05642453926866
상월곡역,6호선,37.6065588265169,127.048829192974
월곡역,6호선,37.6018044172918,127.041460725816
고려대역,6호선,37.5904428112875,127.036309418348
안암역,6호선,37.586307417971,127.029233420248
보문역,6호선,37.585541696968,127.020003515933
창신역,6호선,37.5794156449305,127.015296884838
동묘앞역,6호선,37.5721715926337,127.015725557994
신당역,6호선,37.5656730531732,127.019477533278
청구역,6호선,37.5609165488093,127.014165812912
약수역,6호선,37.5539252226626,127.010153707232
버티고개역,6호선,37.5478275106099,127.006730866101
한강진역,6호선,37.5397907743775,127.001765135176
이태원역,6호선,37.5345252050511,126.994333861918
녹사평역,6호선,37.5347227952064,126.9865496751
삼각지역,6호선,37.53555405127728,126.97403253638866
효창공원앞역,6호선,37.5393087503306,126.96139810075
공덕역,6호선,37.5435291483325,126.951895403142
대흥역,6호선,37.5476479056751,126.942473188734
광흥창역,6호선,37.547487384826,126.93203078679
상수역,6호선,37.54776618366393,126.92242989321456
합정역,6호선,37.5487840343032,126.91421318621
망원역,6호선,37.5560826563712,126.910094329982
마포구청역,6호선,37.5634871865932,126.903425598797
월드컵경기장역,6호선,37.5696355653344,126.899098148061
디지털미디어시티역,6호선,37.5760128452483,126.901276653303
증산역,6호선,37.583746353282,126.909494991105
새절역,6호선,37.5908600479967,126.913580663181
응암역,6호선,37.5984910629281,126.915542187709
역촌역,6호선,37.6062265591065,126.922844876471
불광역,6호선,37.6100477979795,126.930315826401
독바위역,6호선,37.6184141599944,126.933053652461
연신내역,6호선,37.6185144575356,126.920453534497
구산역,6호선,37.6112466906903,126.917258344574
부평구청역,7호선,37.5074335057831,126.72144197999
굴포천역,7호선,37.5070455900364,126.731346449706
삼산체육관역,7호선,37.5065022485406,126.741423266126
상동역,7호선,37.50578860265,126.753192450274
부천시청역,7호선,37.504643113710536,126.76406251971743
신중동역,7호선,37.5029525402622,126.776897204578
춘의역,7호선,37.5036991939036,126.786996627015
부천종합운동장역,7호선,37.5054255130821,126.797233841984
까치울역,7호선,37.5062273475174,126.81133736089
온수역,7호선,37.4919675365056,126.823847928009
천왕역,7호선,37.4868564822373,126.838604215448
광명사거리역,7호선,37.4792983082726,126.854873735158
철산역,7호선,37.4761928424537,126.868211027014
가산디지털단지역,7호선,37.4803959660982,126.882661758356
남구로역,7호선,37.48698929041151,126.88797025702439
대림역,7호선,37.4928430008915,126.896722858042
신풍역,7호선,37.5001229935524,126.90975434386
보라매역,7호선,37.4999217552104,126.920611175261
신대방삼거리역,7호선,37.499757228908564,126.92821094566965
장승배기역,7호선,37.5048990621814,126.939072381356
상도역,7호선,37.5028706251049,126.947917975554
숭실대입구역,7호선,37.4963172817574,126.953621963422
남성역,7호선,37.484793511299706,126.97091020065321
총신대입구역,7호선,37.4852894237752,126.981674028783
내방역,7호선,37.4876585212369,126.993600180589
고속터미널역,7호선,37.5033865633062,127.005007834609
반포역,7호선,37.5081614290284,127.011586161943
논현역,7호선,37.5112018042687,127.021653112054
학동역,7호선,37.51435840201333,127.0318996437755
강남구청역,7호선,37.5172152713709,127.041309814563
청담역,7호선,37.519455579961,127.053717937903
뚝섬유원지역,7호선,37.5315583755646,127.066796230331
건대입구역,7호선,37.5408686005702,127.071104284458
어린이대공원역,7호선,37.5479626782211,127.074655256871
군자역,7호선,37.5577765558418,127.079844019721
중곡역,7호선,37.56587524335624,127.08426477413238
용마산역,7호선,37.573715696822,127.086761764772
사가정역,7호선,37.5809403751459,127.088504554212
면목역,7호선,37.5887148877725,127.087503803859
상봉역,7호선,37.5955853328943,127.085754455388
중화역,7호선,37.6025526943256,127.079312037122
먹골역,7호선,37.6106193846197,127.077762187968
태릉입구역,7호선,37.618459513199,127.075405300578
공릉역,7호선,37.6255427648558,127.073033585328
하계역,7호선,37.6364765391858,127.067991278758
중계역,7호선,37.6450921230569,127.06411035896
노원역,7호선,37.6545110763411,127.06055556456411
마들역,7호선,37.6652017465321,127.057712619869
수락산역,7호선,37.6778814656816,127.055350968781
도봉산역,7호선,37.6896304650032,127.046425596353
장암역,7호선,37.699956566426,127.052818310578
암사역,8호선,37.550141060814475,127.1275418321658
천호역,8호선,37.5379353309085,127.123203357732
강동구청역,8호선,37.5302111983522,127.12044373032
몽촌토성역,8호선,37.5178064826321,127.112863087986
잠실역,8호선,37.5143121584933,127.103270523629
석촌역,8호선,37.5054141216925,127.107004062699
송파역,8호선,37.4997149535067,127.112193506363
가락시장역,8호선,37.4930992522183,127.118262745146
문정역,8호선,37.4860310539381,127.122484886901
장지역,8호선,37.4786316933099,127.12617656737
복정역,8호선,37.4707418689753,127.126724009736
산성역,8호선,37.45679930899025,127.15007393689723
남한산성입구역,8호선,37.4516686968693,127.159882577768
단대오거리역,8호선,37.4450233869603,127.156772052175
신흥역,8호선,37.4409230460675,127.147538132656
수진역,8호선,37.4373779787206,127.140534508419
모란역,8호선,37.4340382896277,127.129970457799
개화역,9호선,37.5783445148797,126.796891362602
김포공항역,9호선,37.5619657741382,126.80191588831
공항시장역,9호선,37.5636883252006,126.810608513395
신방화역,9호선,37.5674865539528,126.817236441801
마곡나루역,9호선,37.5667126094974,126.827420928424
양천향교역,9호선,37.5680808809647,126.841978835328
가양역,9호선,37.5614331158033,126.854420294338
증미역,9호선,37.5581321602446,126.860637888459
등촌역,9호선,37.5507280806214,126.865572139231
염창역,9호선,37.546982941543,126.874871603971
신목동역,9호선,37.5442883741577,126.883095790252
선유도역,9호선,37.538156854068,126.893333867069
당산역,9호선,37.5337892432802,126.902165052778
국회의사당역,9호선,37.5281465047706,126.91783895106
여의도역,9호선,37.5211700890445,126.92466104293
샛강역,9호선,37.5173737710931,126.928375058271
노량진역,9호선,37.5135856714992,126.940893179777
노들역,9호선,37.5126721234205,126.953096069577
흑석역,9호선,37.5091654719404,126.963463063008
동작역,9호선,37.5027432048656,126.978543852208
구반포역,9호선,37.5014398319603,126.987464905696
신반포역,9호선,37.5035091412544,126.996082392175
고속터미널역,9호선,37.5059814899483,127.004211793489
사평역,9호선,37.5042326273953,127.015272484531
신논현역,9호선,37.504811111562,127.025492036104
언주역,9호선,37.5073353959717,127.033970921595
선정릉역,9호선,37.5103234156709,127.044016016384
삼성중앙역,9호선,37.5129614511319,127.053043676912
봉은사역,9호선,37.5142554489848,127.060233935114
종합운동장역,9호선,37.5114097871778,127.076324485585
삼전역,9호선,37.5045508982288,127.087364764327
석촌고분역,9호선,37.5024642610287,127.096509319053
석촌역,9호선,37.5049746488034,127.106763669665
송파나루역,9호선,37.511016711673854,127.11266284528047
한성백제역,9호선,37.5165379932802,127.116449169971
올림픽공원역,9호선,37.5161163241813,127.130252931248
둔촌오륜역,9호선,37.5194080372613,127.138652069629
중앙보훈병원역,9호선,37.52840258997037,127.14841167813621
국제업무지구역,인천1호선,37.3996578386606,126.630542158102
센트럴파크역,인천1호선,37.3928455432657,126.634988814949
인천대입구역,인천1호선,37.3862063921103,126.639542234479
지식정보단지역,인천1호선,37.37750721892,126.645861381029
테크노파크역,인천1호선,37.3822809834253,126.656299104753
캠퍼스타운역,인천1호선,37.38844295632,126.662206121031
동막역,인천1호선,37.3979424375979,126.673448014592
동춘역,인천1호선,37.404576119239,126.680851046438
원인재역,인천1호선,37.4123688782408,126.687889114089
신연수역,인천1호선,37.4181081550544,126.694019681969
선학역,인천1호선,37.4269470843403,126.69892316532737
문학경기장역,인천1호선,37.4346513434001,126.698449383593
인천터미널역,인천1호선,37.4419166733897,126.699694889876
예술회관역,인천1호선,37.4485259845342,126.700916120922
인천시청역,인천1호선,37.4577376396937,126.702235746357
간석오거리역,인천1호선,37.4670826685298,126.707918490817
부평삼거리역,인천1호선,37.4778357365592,126.710296039281
동수역,인천1호선,37.4855071635951,126.718606270842
부평역,인천1호선,37.4903768319169,126.723454741807
부평시장역,인천1호선,37.4983641942962,126.722285373949
부평구청역,인천1호선,37.5084658276667,126.720583092527
갈산역,인천1호선,37.5171177260985,126.721550773775
작전역,인천1호선,37.5302710952892,126.722560827351
경인교대입구역,인천1호선,37.538124360683,126.722631302651
계산역,인천1호선,37.5433079533771,126.7277312169
임학역,인천1호선,37.5450120455649,126.738633379569
박촌역,인천1호선,37.5536612597496,126.74506746745
귤현역,인천1호선,37.5662988350728,126.742679119614
계양역,인천1호선,37.5715178066812,126.736335695783
검단오류역,인천2호선,37.5949434686845,126.627907494962
왕길역,인천2호선,37.595129055954,126.642477372147
검단사거리역,인천2호선,37.6016612295398,126.65643839271
마전역,인천2호선,37.5976340869751,126.667223457118
완정역,인천2호선,37.5928390497566,126.673033100577
독정역,인천2호선,37.5848500618769,126.676002640967
검암역,인천2호선,37.5686781799536,126.67567426472
검바위역,인천2호선,37.5611257424349,126.677531491203
아시아드경기장역,인천2호선,37.5513145630525,126.677107520162
서구청역,인천2호선,37.5440446154284,126.676844673062
가정역,인천2호선,37.5248168619511,126.675357432309
가정중앙시장역,인천2호선,37.5175263931377,126.676823324228
석남역,인천2호선,37.5074734021258,126.676301165922
서부여성회관역,인천2호선,37.5003434953542,126.675870541598
인천가좌역,인천2호선,37.4898360731372,126.675242029489
가재울역,인천2호선,37.4841504406643,126.683769149033
주안국가산단역,인천2호선,37.4739117730065,126.681221189696
주안역,인천2호선,37.4651552217129,126.679015725246
시민공원역,인천2호선,37.4583852139167,126.681074618963
석바위시장역,인천2호선,37.4576690774014,126.692353074376
인천시청역,인천2호선,37.4576690774014,126.692353074376
석천사거리역,인천2호선,37.4567884972007,126.710422456642
모래내시장역,인천2호선,37.4558628174958,126.719621557604
만수역,인천2호선,37.4549755117309,126.731736248865
남동구청역,인천2호선,37.4481747324298,126.736565773149
인천대공원역,인천2호선,37.4484766105613,126.752851963764
운연역,인천2호선,37.4396425989597,126.759606687799
수원역,분당선,37.26627326619277,127.00024351659127
매교역,분당선,37.2655153235144,127.01590057208
수원시청역,분당선,37.2619226180172,127.030857188083
매탄권선역,분당선,37.2525055074191,127.040808657326
망포역,분당선,37.2458383703858,127.056854781327
영통역,분당선,37.2515035095752,127.07133191773
청명역,분당선,37.2595395723925,127.078969000537
상갈역,분당선,37.261811831367,127.108737254546
기흥역,분당선,37.2754972009506,127.115955078051
신갈역,분당선,37.2861483619847,127.111284750107
구성역,분당선,37.2989770487314,127.105695833197
보정역,분당선,37.3127749181936,127.108336816968
죽전역,분당선,37.3243773830569,127.107505020642
오리역,분당선,37.3398305519823,127.108948940053
미금역,분당선,37.3500733987758,127.109008885386
정자역,분당선,37.3661737923199,127.108097457244
수내역,분당선,37.3784687674046,127.114288846291
서현역,분당선,37.3850154269126,127.123431479636
이매역,분당선,37.3962081628338,127.128287899628
야탑역,분당선,37.4113736407028,127.128742990837
모란역,분당선,37.43207321184484,127.12911400618115
태평역,분당선,37.4397891897361,127.127747545465
가천대역,분당선,37.4485625950294,127.126695628703
복정역,분당선,37.4690409199719,127.126576443447
수서역,분당선,37.4873734995025,127.101645918947
대모산입구역,분당선,37.4915500752654,127.073070274916
개포동역,분당선,37.4891394691891,127.066120707828
구룡역,분당선,37.4870274262116,127.059492941655
도곡역,분당선,37.4916282953544,127.055109203665
한티역,분당선,37.4962857047653,127.052909749417
선릉역,분당선,37.50516782598803,127.04870879368039
선정릉역,분당선,37.5109326388803,127.043627289129
강남구청역,분당선,37.5166241449989,127.04150404599
압구정로데오역,분당선,37.5275193835816,127.040600507256
서울숲역,분당선,37.543645796605,127.044746216358
왕십리역,분당선,37.5606407291589,127.038784937603
청량리역,분당선,37.5808953806814,127.047847862522
강남역,신분당선,37.4967771303817,127.028185245594
양재역,신분당선,37.4834655780476,127.035154074503
양재시민의숲역,신분당선,37.4701332061395,127.038471341381
청계산입구역,신분당선,37.4483547387397,127.054720327179
판교역,신분당선,37.3947766273829,127.111196698916
정자역,신분당선,37.3673267196137,127.108519062566
미금역,신분당선,37.3500735899564,127.108801215359
동천역,신분당선,37.3378429142383,127.102870440698
수지구청역,신분당선,37.322492584304,127.094658560596
성복역,신분당선,37.3135324511783,127.08038367116
상현역,신분당선,37.2978289663421,127.069363534097
광교중앙역,신분당선,37.2883843017536,127.051726324729
광교역,신분당선,37.3021119263654,127.044268853097
임진강역,경의중앙선,37.8882750558283,126.747078454706
문산역,경의중앙선,37.854626895054,126.787395378931
파주역,경의중앙선,37.8153655831005,126.79269130281
월롱역,경의중앙선,37.7962146380874,126.792585875504
금촌역,경의중앙선,37.7662265030421,126.774633255205
금릉역,경의중앙선,37.7513389843704,126.765410119425
운정역,경의중앙선,37.7256036100162,126.767161028033
야당역,경의중앙선,37.712611015679,126.761453983315
탄현역,경의중앙선,37.6939889446111,126.761078262576
일산역,경의중앙선,37.6820129415088,126.770022642636
풍산역,경의중앙선,37.6723381857514,126.786275217066
백마역,경의중앙선,37.658016621853,126.79461646967
곡산역,경의중앙선,37.6457575538988,126.801806892782
대곡역,경의중앙선,37.631852486342,126.809905469039
능곡역,경의중앙선,37.6190245080032,126.820422359748
행신역,경의중앙선,37.61215310939878,126.83426555510584
강매역,경의중앙선,37.6122904733665,126.844499363241
화전역,경의중앙선,37.60331324429987,126.8683857235886
수색역,경의중앙선,37.5808625683358,126.895659474538
디지털미디어시티역,경의중앙선,37.5774034885485,126.900690671594
가좌역,경의중앙선,37.5687433529646,126.914815128053
신촌역,경의중앙선,37.5596742361045,126.942088187099
서울역,경의중앙선,37.5569351113375,126.971316773975
홍대입구역,경의중앙선,37.5574494922411,126.927118938976
서강대역,경의중앙선,37.5521384864879,126.935507621173
공덕역,경의중앙선,37.5424735099283,126.95271984059
효창공원앞역,경의중앙선,37.538606427775,126.962824126279
용산역,경의중앙선,37.5296078236182,126.964756401264
이촌역,경의중앙선,37.52246242267468,126.97333678734246
서빙고역,경의중앙선,37.5195681395063,126.988412074576
한남역,경의중앙선,37.5294289189437,127.009209110584
옥수역,경의중앙선,37.5405137035097,127.018746821679
응봉역,경의중앙선,37.5499526279456,127.034483653629
왕십리역,경의중앙선,37.5620572435722,127.038332938503
청량리역,경의중앙선,37.580160147952675,127.04790173316623
회기역,경의중앙선,37.5895296349726,127.05782624137
중랑역,경의중앙선,37.5948425975025,127.075680398461
상봉역,경의중앙선,37.5967138123093,127.085148806563
망우역,경의중앙선,37.5992960295399,127.092367383432
양원역,경의중앙선,37.6066060557557,127.107946139148
구리역,경의중앙선,37.6032707405088,127.143350984187
도농역,경의중앙선,37.6087726045416,127.161178663222
양정역,경의중앙선,37.6040261571296,127.194671346816
덕소역,경의중앙선,37.5868903292078,127.208842710609
도심역,경의중앙선,37.579639075911,127.222683857886
팔당역,경의중앙선,37.5473594340956,127.243966151989
운길산역,경의중앙선,37.5546425431665,127.310231608596
양수역,경의중앙선,37.5459634283124,127.329138380916
신원역,경의중앙선,37.5255855578889,127.373091698635
국수역,경의중앙선,37.5161871164552,127.399309828929
아신역,경의중앙선,37.5139186008078,127.443211499187
오빈역,경의중앙선,37.5061671737276,127.473661407181
양평역,경의중앙선,37.4926843397043,127.492247611418
원덕역,경의중앙선,37.468781735546,127.546558679899
용문역,경의중앙선,37.4818020661568,127.593795306663
지평역,경의중앙선,37.4769063763726,127.628907045378
인천공항2터미널역,공항철도,37.4688002145258,126.433640888212
인천공항1터미널역,공항철도,37.4475285398516,126.452583415737
공항화물청사역,공항철도,37.4590625046021,126.47751440637
운서역,공항철도,37.4928088834418,126.493729942049
영종역,공항철도,37.5120289919535,126.524975940011
청라국제도시역,공항철도,37.55646453155236,126.62465841357525
검암역,공항철도,37.5692528218482,126.673643340675
계양역,공항철도,37.5717699511702,126.73627594406
김포공항역,공항철도,37.5618297564202,126.802473107985
마곡나루역,공항철도,37.56563152507763,126.82749586320818
디지털미디어시티역,공항철도,37.5775200243725,126.89788299035767
홍대입구역,공항철도,37.5573052656667,126.927010430346
공덕역,공항철도,37.5423148868697,126.952602261123
서울역,공항철도,37.5533307290007,126.969747353686
청량리역,경춘선,37.581273475892466,127.0486360630067
회기역,경춘선,37.5899221169641,127.058537601316
중랑역,경춘선,37.5969733432502,127.085085690038
상봉역,경춘선,37.5969733432502,127.085085690038
망우역,경춘선,37.600017312378,127.091738656282
신내역,경춘선,37.6127045688059,127.103225215052
갈매역,경춘선,37.6340689252244,127.114760741021
별내역,경춘선,37.6420679726917,127.126969149167
퇴계원역,경춘선,37.6482657629059,127.14353713662
사릉역,경춘선,37.6511251798242,127.176926205792
금곡역,경춘선,37.6373551430559,127.207533674718
평내호평역,경춘선,37.6532138128125,127.244438968688
천마산역,경춘선,37.6592276778117,127.285062700362
마석역,경춘선,37.652792215501,127.311686554885
대성리역,경춘선,37.6839900741502,127.379706254541
청평역,경춘선,37.7355163992466,127.426622860785
상천역,경춘선,37.7701784041516,127.454515681516
가평역,경춘선,37.8145200514507,127.51073942455
굴봉산역,경춘선,37.8320661917515,127.557769861431
백양리역,경춘선,37.8307917497493,127.589324987859
강촌역,경춘선,37.805721704842,127.634151572422
김유정역,경춘선,37.8184490071056,127.714323967766
남춘천역,경춘선,37.8640466747977,127.723850659304
춘천역,경춘선,37.884512737384,127.716698593345
광운대역,경춘선,37.623916497664,127.061985215335
오이도역,수인선,37.3626658896467,126.738811079645
달월역,수인선,37.3800267658985,126.74540347645
월곶역,수인선,37.3918207044367,126.742707561155
소래포구역,수인선,37.4009402347666,126.733492081979
인천논현역,수인선,37.400670023783825,126.72256497910926
호구포역,수인선,37.4016421735726,126.708683171095
남동인더스파크역,수인선,37.4077423820652,126.695227491501
원인재역,수인선,37.4132120460243,126.686457819329
연수역,수인선,37.4179270828136,126.678747463037
송도역,수인선,37.4299616326114,126.654675713707
인하대역,수인선,37.4483386165197,126.649763418519
숭의역,수인선,37.4607996146127,126.638411351127
신포역,수인선,37.4684545360849,126.624533685908
인천역,수인선,37.4764686136348,126.617398357613
발곡역,의정부경전철,37.7271478742052,127.052969199269
회룡역,의정부경전철,37.7249952537983,127.047069262756
범골역,의정부경전철,37.7287878498671,127.043668564435
경전철의정부역,의정부경전철,37.7372643130628,127.04330596631
의정부시청역,의정부경전철,37.739234834508,127.034848091039
흥선역,의정부경전철,37.7432812774722,127.0371736231
의정부중앙역,의정부경전철,37.7436803165603,127.049649812523
동오역,의정부경전철,37.745269911047,127.056985043204
새말역,의정부경전철,37.7488486906286,127.063759511679
경기도청북부청사역,의정부경전철,37.7507650408734,127.071617829299
효자역,의정부경전철,37.7539905661041,127.077226606947
곤제역,의정부경전철,37.7505371570413,127.083822421136
어룡역,의정부경전철,37.7426941378158,127.085206837732
송산역,의정부경전철,37.7372760423191,127.08721549161
탑석역,의정부경전철,37.7334871006703,127.088908165858
기흥역,에버라인,37.27545287699772,127.11704645705142
강남대역,에버라인,37.27017072715994,127.12606689205987
지석역,에버라인,37.26973367450708,127.13666637701705
어정역,에버라인,37.27495673681397,127.14373973239812
동백역,에버라인,37.269101384338924,127.15269056435368
초당역,에버라인,37.26080468076816,127.1594624692542
삼가역,에버라인,37.24205993395667,127.16817999042203
시청·용인대역,에버라인,37.23944203003437,127.17888509175044
명지대역,에버라인,37.23807628801618,127.19029130857074
김량장역,에버라인,37.237326471910784,127.19861201343582
운동장·송담대역,에버라인,37.23791838132199,127.20912479024486
고진역,에버라인,37.244638336050315,127.21418360142515
보평역,에버라인,37.259047169680784,127.21847649940082
둔전역,에버라인,37.26721221736258,127.21363872279483
전대·에버랜드역,에버라인,37.285463961266004,127.21938281583995
판교역,경강선,37.394775885643,127.111982699564
이매역,경강선,37.3947135146921,127.127318661399
삼동역,경강선,37.4086882887226,127.203381657271
경기광주역,경강선,37.3989438131636,127.253282668137
초월역,경강선,37.3733791295012,127.299905223152
곤지암역,경강선,37.3505395429634,127.346251343712
신둔도예촌역,경강선,37.3156122300273,127.405240743375
이천역,경강선,37.264225761758865,127.44216788016918
부발역,경강선,37.2603923465465,127.490321502069
세종대왕릉역,경강선,37.2936335226433,127.570659645212
여주역,경강선,37.2828596478666,127.628529053998
신설동역,우이신설선,37.57610564738981,127.02447823400932
보문역,우이신설선,37.5850444246949,127.019550510271
성신여대입구역,우이신설선,37.5923825668685,127.016549589616
정릉역,우이신설선,37.602614606648,127.013539545056
북한산보국문역,우이신설선,37.6121367531121,127.008263392003
솔샘역,우이신설선,37.62025236522223,127.01356992817117
삼양사거리역,우이신설선,37.6213181360851,127.020488845069
삼양역,우이신설선,37.6269190539283,127.018156780705
화계역,우이신설선,37.6340873974011,127.017510491529
가오리역,우이신설선,37.64163415518241,127.01677238776956
4.19민주묘지역,우이신설선,37.6495307746374,127.01369763482
솔밭공원역,우이신설선,37.6559782562487,127.013268181236
북한산우이역,우이신설선,37.66298795049364,127.01275601478088
소사역,서해선,37.4829074369532,126.795060572211
소새울역,서해선,37.4685095548124,126.797283854897
시흥대야역,서해선,37.4500998726813,126.792993796201
신천역,서해선,37.4392442452261,126.786786216335
신현역,서해선,37.4095666677686,126.787837234263
시흥시청역,서해선,37.3815616157045,126.80594583874
시흥능곡역,서해선,37.3699465347315,126.808721340419
달미역,서해선,37.3487879549025,126.809416088572
선부역,서해선,37.3344084544244,126.809989544577
초지역,서해선,37.3197434069867,126.807842296925
원곡역,서해선,37.3131636235326,126.795743362633
원시역,서해선,37.3026237626179,126.786793532374
김포공항역,김포골드라인,37.56232990369519,126.80199188908921
고촌역,김포골드라인,37.601213413053,126.770325947061
풍무역,김포골드라인,37.61266242089956,126.7323442002163
사우역,김포골드라인,37.62001926155787,126.72042439059489
걸포북변역,김포골드라인,37.63163703860519,126.70580291803158
운양역,김포골드라인,37.6537750040601,126.683844450975
장기역,김포골드라인,37.6440651946922,126.66907862282
마산역,김포골드라인,37.6406117204577,126.644004368759
구래역,김포골드라인,37.64526891941782,126.62795573048847
양촌역,김포골드라인,37.64174222596719,126.61468168489102
