st_line,st_name,st_lat,st_lng,st_count
1호선,신창역,36.7696422998843,126.951393082675,1
1호선,청량리역,37.58059196570416,127.04727822250149,4
1호선,평택역,36.9908490091432,127.085272971043,1
1호선,구로역,37.50334245844327,126.88230919182318,1
1호선,종로5가역,37.570976108369,127.001539477188,1
1호선,당정역,37.343689819399884,126.94837119045768,1
1호선,망월사역,37.7102191609902,127.047418285506,1
1호선,백운역,37.483342495597,126.707294407871,1
1호선,광운대역,37.62387693023945,127.061840187993,2
1호선,광명역,37.4167362171922,126.884961689119,1
1호선,신이문역,37.6017816437084,127.067398003775,1
1호선,대방역,37.5133541411624,126.926496753621,1
1호선,관악역,37.41956795517324,126.90849999541258,1
1호선,병점역,37.206752699495524,127.03320037309325,1
1호선,영등포역,37.5156726288261,126.907550274975,1
1호선,덕계역,37.8187525814885,127.056691678415,1
1호선,오류동역,37.49439720933549,126.84480744815397,1
1호선,의정부역,37.7383624923599,127.045956826767,1
1호선,덕정역,37.8431876500694,127.06155932141,1
1호선,보산역,37.9141449200828,127.057178751034,1
1호선,제기동역,37.5781752985683,127.034949495921,1
1호선,오산대역,37.1693504386917,127.063075726398,1
1호선,지제역,37.0189003501333,127.070511577443,1
1호선,송탄역,37.0757126572027,127.05428046136659,1
1호선,수원역,37.26597772457933,127.00014656071755,2
1호선,온수역,37.4921837637489,126.82383837396199,2
1호선,시청역,37.564513616907604,126.976398240628,2
1호선,녹천역,37.6446334450742,127.051383151942,1
1호선,세류역,37.243872520123844,127.01379969649852,1
1호선,석수역,37.43509293822681,126.90232078368835,1
1호선,종각역,37.5702288920691,126.983151948921,1
1호선,제물포역,37.466733104861405,126.65696637554376,1
1호선,인천역,37.4763181115205,126.6171097090945,2
1호선,중동역,37.4866816250266,126.764535113735,1
1호선,남영역,37.5405657717581,126.971332097936,1
1호선,양주역,37.7741421622165,127.044721319691,1
1호선,금천구청역,37.4561943743749,126.893608614581,2
1호선,금천구청역,37.4561943743749,126.893608614581,2
1호선,금정역,37.37240328522215,126.94337272660249,2
1호선,종로3가역,37.5715248150862,126.99148299809167,3
1호선,성환역,36.9159530167598,127.126837110236,1
1호선,아산역,36.7921165665983,127.104076682696,1
1호선,노량진역,37.513820233800004,126.9415015309505,2
1호선,세마역,37.1871352848477,127.043426817312,1
1호선,쌍용역,36.7937257780754,127.121378271233,1
1호선,군포역,37.35419227847359,126.948517502286,1
1호선,명학역,37.3844604191546,126.935592791667,1
1호선,방학역,37.6674383662755,127.044321721307,1
1호선,배방역,36.7776965014173,127.052788090648,1
1호선,녹양역,37.759385253302,127.042279351606,1
1호선,역곡역,37.485314358615625,126.81205932067193,1
1호선,구일역,37.496254517687,126.86969110539,1
1호선,도봉산역,37.68959584897337,127.04624303805278,2
1호선,오산역,37.1447171633287,127.066630122646,1
1호선,안양역,37.4016838636508,126.922729807594,1
1호선,송내역,37.48762042978674,126.75303966172912,1
1호선,외대앞역,37.5962732416653,127.06369251069,1
1호선,부평역,37.4899129374112,126.7238929152125,2
1호선,부천역,37.4839888842916,126.783081743529,1
1호선,동두천역,37.9276132662293,127.05492800053,1
1호선,개봉역,37.4946417150651,126.858715959622,1
1호선,석계역,37.6150773223474,127.0661958162935,2
1호선,동두천중앙역,37.9017807357936,127.05642330094,1
1호선,회룡역,37.7244005672306,127.047182315447,2
1호선,두정역,36.8335990318913,127.149080841068,1
1호선,동묘앞역,37.572694126331,127.0160448925485,2
1호선,천안역,36.8105230585171,127.146489919432,1
1호선,용산역,37.52969071370532,126.96474951762289,2
1호선,지행역,37.89187790665784,127.05566541206078,1
1호선,동암역,37.4706957867304,126.702889753462,1
1호선,직산역,36.8709328418739,127.143823728817,1
1호선,진위역,37.1100790285838,127.062355993621,1
1호선,소요산역,37.9488975919392,127.061128608638,1
1호선,주안역,37.46510425763975,126.6794929571495,2
1호선,동인천역,37.47540823022216,126.63261829085184,1
1호선,서동탄역,37.1957351505295,127.051856779194,1
1호선,창동역,37.65335457852995,127.04801670479799,2
1호선,월계역,37.6332775453974,127.058857087601,1
1호선,부개역,37.488477043182,126.740730089704,1
1호선,도봉역,37.6792119046658,127.045534886672,1
1호선,가능역,37.7483963196456,127.044288264841,1
1호선,온양온천역,36.7805448837693,127.003181472942,1
1호선,신설동역,37.57564671163593,127.02461770026345,3
1호선,도원역,37.46877345079704,126.64253289201078,1
1호선,도화역,37.4661175111199,126.668575935273,1
1호선,봉명역,36.8014198330363,127.1360381121,1
1호선,신길역,37.517225503182075,126.91664057920714,2
1호선,독산역,37.4659755677766,126.889475639948,1
1호선,서울역,37.55411322303234,126.97149440831866,3
1호선,간석역,37.4647071796968,126.693517898292,1
1호선,소사역,37.48285388202778,126.79535242232828,2
1호선,의왕역,37.3203421132836,126.9479765012,1
1호선,화서역,37.2840016829776,126.9896120326472,1
1호선,성균관대역,37.3003290017027,126.971022000022,1
1호선,신도림역,37.50856443660732,126.89146229427553,2
1호선,동대문역,37.571287439691,127.009972687514,2
1호선,회기역,37.5897493238656,127.05813740398634,3
1호선,가산디지털단지역,37.48096357813655,126.8826382584175,2
1호선,서정리역,37.0565637021655,127.052881703722,1
2호선,낙성대역,37.4770932409965,126.963523905001,1
2호선,신도림역,37.50856443660732,126.89146229427553,2
2호선,신대방역,37.4876522647152,126.913509735491,1
2호선,문래역,37.5179757181801,126.894778820701,1
2호선,아현역,37.55740617797663,126.95614644008904,1
2호선,신설동역,37.57564671163593,127.02461770026345,3
2호선,신당역,37.5656730531732,127.019477533278,2
2호선,도림천역,37.5145080414761,126.882649092584,1
2호선,서울대입구역,37.4812845080678,126.952713197762,1
2호선,까치산역,37.5318183413899,126.846696273361,2
2호선,한양대역,37.5557159860408,127.043639802768,1
2호선,시청역,37.564513616907604,126.976398240628,2
2호선,신정네거리역,37.5202231231721,126.852889567642,1
2호선,신림역,37.4842680361482,126.929745374123,1
2호선,동대문역사문화공원역,37.5651434225553,127.00757002261967,3
2호선,신답역,37.5698386846442,127.047080117369,1
2호선,종합운동장역,37.51127722522415,127.0750869664935,2
2호선,당산역,37.5342867802067,126.9023884241505,2
2호선,뚝섬역,37.547241554679,127.04738727881,1
2호선,선릉역,37.50483259974001,127.04883524385119,2
2호선,합정역,37.549348147448555,126.914334757836,2
2호선,대림역,37.4930764726666,126.8958269470465,2
2호선,신촌역,37.55519907036358,126.93698075917935,1
2호선,양천구청역,37.5123888716808,126.865722369229,1
2호선,성수역,37.5445888153751,127.056066999327,1
2호선,역삼역,37.5006744185994,127.03646946847,1
2호선,이대역,37.556814719896,126.946431808973,1
2호선,구로디지털단지역,37.4852605752505,126.901473080039,1
2호선,교대역,37.4933215833981,127.014125899471,2
2호선,잠실새내역,37.5116263587296,127.086314327913,1
2호선,영등포구청역,37.52502984472145,126.8959997468245,2
2호선,용두역,37.5740621283646,127.038275698211,1
2호선,구의역,37.5371752725594,127.086180837795,1
2호선,을지로입구역,37.5660373193635,126.982193047079,1
2호선,충정로역,37.56009553337921,126.96376642759867,2
2호선,서초역,37.4918499338918,127.007662120039,1
2호선,봉천역,37.4824725161034,126.941686527151,1
2호선,왕십리역,37.56150147025363,127.037887844355,4
2호선,잠실나루역,37.5207124124456,127.103808749487,1
2호선,건대입구역,37.540638509416695,127.0701536008995,2
2호선,용답역,37.5621245777796,127.050891808569,1
2호선,강남역,37.497431283086755,127.0280927603325,2
2호선,홍대입구역,37.5572085009317,126.92596931053167,3
2호선,사당역,37.47707581870955,126.981628551993,2
2호선,강변역,37.5351180385975,127.094741101863,1
2호선,방배역,37.4814561268152,126.997553345516,1
2호선,상왕십리역,37.564438467635,127.029274674797,1
2호선,을지로3가역,37.5663609312826,126.991800526738,2
2호선,을지로4가역,37.56710181748045,126.99783805338001,2
2호선,잠실역,37.51381251059615,127.1017496413555,2
2호선,삼성역,37.5088227390184,127.063025473533,1
3호선,주엽역,37.6701494878278,126.761263524195,1
3호선,불광역,37.6100477979795,126.930315826401,2
3호선,옥수역,37.5410399909385,127.0180703022625,2
3호선,고속터미널역,37.5046404710228,127.00478624418979,3
3호선,남부터미널역,37.4851996335293,127.01620028391,1
3호선,홍제역,37.5887953806088,126.944158007985,1
3호선,경찰병원역,37.4960049150853,127.124482397777,1
3호선,지축역,37.6481486423031,126.913854269202,1
3호선,독립문역,37.5744680817828,126.957915974354,1
3호선,경복궁역,37.5758061234865,126.973691352767,1
3호선,신사역,37.5164350739218,127.020310824772,1
3호선,화정역,37.6346440058753,126.832688422366,1
3호선,마두역,37.6522411365818,126.777611729721,1
3호선,무악재역,37.5825632263526,126.950230954136,1
3호선,삼송역,37.6530749531282,126.895671839107,1
3호선,약수역,37.5542153110805,127.0105226870945,2
3호선,동대입구역,37.5590540173075,127.005314877093,1
3호선,가락시장역,37.49267428704235,127.11795224173301,2
3호선,충무로역,37.561454272587,126.9947030620235,2
3호선,양재역,37.484020744498,127.03465910394999,2
3호선,도곡역,37.49130203976455,127.0553034546895,2
3호선,녹번역,37.6008067681825,126.935828008217,1
3호선,오금역,37.502249845475575,127.12821691593938,2
3호선,구파발역,37.6364357889145,126.918852820009,1
3호선,종로3가역,37.5715248150862,126.99148299809167,3
3호선,백석역,37.6429623651607,126.788131509803,1
3호선,연신내역,37.61885885208545,126.9207771194965,2
3호선,매봉역,37.4869394661317,127.046711448388,1
3호선,일원역,37.4839886684666,127.084129757128,1
3호선,원당역,37.6531102058516,126.842918441607,1
3호선,교대역,37.4933215833981,127.014125899471,2
3호선,을지로3가역,37.5663609312826,126.991800526738,2
3호선,안국역,37.576500118896,126.985423696742,1
3호선,대곡역,37.6317740227786,126.81041773395049,2
3호선,원흥역,37.6506921774602,126.87302523491,1
3호선,학여울역,37.4968851977644,127.071166599707,1
3호선,수서역,37.48746687415025,127.102028224831,2
3호선,금호역,37.5482627248715,127.015829169834,1
3호선,대청역,37.4937083222418,127.07952699005,1
3호선,대치역,37.4944966528582,127.063203409529,1
3호선,대화역,37.676157377075,126.747500970967,1
3호선,압구정역,37.5264921751712,127.0285086593,1
3호선,정발산역,37.659480619983,126.773405960872,1
3호선,잠원역,37.5128899169357,127.011419491429,1
4호선,성신여대입구역,37.5926762492046,127.016837259246,2
4호선,충무로역,37.561454272587,126.9947030620235,2
4호선,숙대입구역,37.5445952301115,126.972118127373,1
4호선,정왕역,37.3518229615641,126.742929908305,1
4호선,수리산역,37.3505579695805,126.92563095069,1
4호선,정부과천청사역,37.4265047272927,126.989868044926,1
4호선,범계역,37.3897837540429,126.950783269518,1
4호선,산본역,37.3580193085257,126.933046329836,1
4호선,사당역,37.47707581870955,126.981628551993,2
4호선,명동역,37.5609634671841,126.986400086711,1
4호선,반월역,37.3123817631801,126.90382444207,1
4호선,수유역,37.637884492978,127.025510241279,1
4호선,한성대입구역,37.5884228114979,127.006018948943,1
4호선,미아역,37.6266544891889,127.026041090189,1
4호선,미아사거리역,37.6132792649944,127.030086636648,1
4호선,한대앞역,37.3097642520521,126.853688654794,1
4호선,신길온천역,37.337633057163956,126.7670414423186,1
4호선,삼각지역,37.534996698024045,126.97347774384784,2
4호선,평촌역,37.39423950914369,126.9638080221341,1
4호선,동작역,37.502860489988,126.979430476473,2
4호선,인덕원역,37.4014941709597,126.976679855187,1
4호선,쌍문역,37.6485426057036,127.03465609756,1
4호선,노원역,37.65542571383445,127.06200235100955,2
4호선,상록수역,37.30285235924208,126.8666056400078,1
4호선,남태령역,37.4642499558525,126.989085267707,1
4호선,혜화역,37.5820439179086,127.001942745502,1
4호선,안산역,37.3270130575427,126.788881942392,1
4호선,이촌역,37.522514310935335,126.97369876462238,2
4호선,길음역,37.603394782557096,127.02505906491119,1
4호선,중앙역,37.3160120850251,126.83849638923743,1
4호선,초지역,37.320205007584704,126.8069047141515,2
4호선,과천역,37.4328771044773,126.996619382321,1
4호선,오이도역,37.36218429214502,126.73860730452598,2
4호선,고잔역,37.31679729846911,126.82303461775037,1
4호선,경마공원역,37.4439629881231,127.007838042533,1
4호선,회현역,37.558760244882336,126.97843725718793,1
4호선,서울역,37.55411322303234,126.97149440831866,3
4호선,당고개역,37.6702168353314,127.079066619316,1
4호선,상계역,37.660720544722,127.073421632239,1
4호선,금정역,37.37240328522215,126.94337272660249,2
4호선,대공원역,37.4360557449009,127.006752481821,1
4호선,총신대입구역,37.48604450978735,126.9819429502675,2
4호선,창동역,37.65335457852995,127.04801670479799,2
4호선,동대문역사문화공원역,37.5651434225553,127.00757002261967,3
4호선,선바위역,37.451747988798516,127.00222869400723,1
4호선,동대문역,37.571287439691,127.009972687514,2
4호선,대야미역,37.327965125951,126.916897519557,1
4호선,신용산역,37.5292591489375,126.967965039183,1
5호선,천호역,37.5382232714691,127.123565904086,2
5호선,오금역,37.502249845475575,127.12821691593938,2
5호선,공덕역,37.543214808720975,126.95216717062576,4
5호선,광나루역,37.5452991715677,127.103521464507,1
5호선,오목교역,37.5245340839144,126.875307312696,1
5호선,마곡역,37.56022863776301,126.82469691791624,1
5호선,영등포구청역,37.52502984472145,126.8959997468245,2
5호선,영등포시장역,37.522709383885,126.905179566968,1
5호선,고덕역,37.5550467687924,127.154163876055,1
5호선,올림픽공원역,37.516227655596495,127.1306083033245,2
5호선,송정역,37.5611612387718,126.812430347154,1
5호선,광화문역,37.5716477085545,126.976423148119,1
5호선,왕십리역,37.56150147025363,127.037887844355,4
5호선,서대문역,37.5657528373011,126.966636426216,1
5호선,거여역,37.4933304500736,127.143773841911,1
5호선,개화산역,37.5725371505293,126.806814314979,1
5호선,개롱역,37.4979682783882,127.135079598384,1
5호선,강동역,37.5358819145235,127.132396300314,1
5호선,우장산역,37.5488170866429,126.836325138536,1
5호선,을지로4가역,37.56710181748045,126.99783805338001,2
5호선,동대문역사문화공원역,37.5651434225553,127.00757002261967,3
5호선,행당역,37.5573637818732,127.029511840513,1
5호선,화곡역,37.5416507925709,126.840455026335,1
5호선,상일동역,37.5566778757215,127.165905758209,1
5호선,여의도역,37.5214727418872,126.9245295165685,2
5호선,마장역,37.5661389565959,127.042984855663,1
5호선,답십리역,37.56697480965114,127.05256127651293,1
5호선,종로3가역,37.5715248150862,126.99148299809167,3
5호선,청구역,37.56056337125355,127.0140548290955,2
5호선,명일역,37.5513978958277,127.14404374474,1
5호선,충정로역,37.56009553337921,126.96376642759867,2
5호선,마포역,37.5395549311262,126.945864834547,1
5호선,아차산역,37.5522482688631,127.089566085085,1
5호선,목동역,37.5261333139242,126.864625274831,1
5호선,마천역,37.4950381629493,127.152859864985,1
5호선,까치산역,37.5318183413899,126.846696273361,2
5호선,애오개역,37.5534131497489,126.956669363197,1
5호선,김포공항역,37.562055861066824,126.8019088583638,4
5호선,신정역,37.5250276134139,126.856097474225,1
5호선,신금호역,37.5544752914945,127.020493165536,1
5호선,장한평역,37.5616029900695,127.063703730302,1
5호선,발산역,37.5586795483395,126.837738666588,1
5호선,둔촌동역,37.52765684247226,127.13621464981398,1
5호선,방화역,37.5776031994404,126.812819296675,1
5호선,군자역,37.557463120581204,127.079678448464,2
5호선,양평역,37.5091319913375,127.1893334471515,2
5호선,굽은다리역,37.5455175915913,127.142882741733,1
5호선,신길역,37.517225503182075,126.91664057920714,2
5호선,길동역,37.5378264874159,127.140021295948,1
5호선,여의나루역,37.5271469489465,126.93298596744,1
5호선,방이역,37.5087506251989,127.126096046986,1
6호선,석계역,37.6150773223474,127.0661958162935,2
6호선,상수역,37.54776618366393,126.92242989321456,1
6호선,새절역,37.5908600479967,126.913580663181,1
6호선,삼각지역,37.534996698024045,126.97347774384784,2
6호선,불광역,37.6100477979795,126.930315826401,2
6호선,태릉입구역,37.6179047125606,127.07507853106401,2
6호선,상월곡역,37.6065588265169,127.048829192974,1
6호선,창신역,37.5794156449305,127.015296884838,1
6호선,합정역,37.549348147448555,126.914334757836,2
6호선,구산역,37.6112466906903,126.917258344574,1
6호선,광흥창역,37.547487384826,126.93203078679,1
6호선,약수역,37.5542153110805,127.0105226870945,2
6호선,증산역,37.583746353282,126.909494991105,1
6호선,공덕역,37.543214808720975,126.95216717062576,4
6호선,안암역,37.586307417971,127.029233420248,1
6호선,이태원역,37.5345252050511,126.994333861918,1
6호선,녹사평역,37.5347227952064,126.9865496751,1
6호선,고려대역,37.5904428112875,127.036309418348,1
6호선,봉화산역,37.6173526373999,127.091361250519,1
6호선,대흥역,37.5476479056751,126.942473188734,1
6호선,독바위역,37.6184141599944,126.933053652461,1
6호선,돌곶이역,37.61055222857029,127.05642453926866,1
6호선,동묘앞역,37.572694126331,127.0160448925485,2
6호선,역촌역,37.6062265591065,126.922844876471,1
6호선,연신내역,37.61885885208545,126.9207771194965,2
6호선,디지털미디어시티역,37.57697878605643,126.8999501050849,3
6호선,신당역,37.5656730531732,127.019477533278,2
6호선,월드컵경기장역,37.5696355653344,126.899098148061,1
6호선,신내역,37.61259779227041,127.1037483272775,2
6호선,마포구청역,37.5634871865932,126.903425598797,1
6호선,응암역,37.5984910629281,126.915542187709,1
6호선,청구역,37.56056337125355,127.0140548290955,2
6호선,망원역,37.5560826563712,126.910094329982,1
6호선,화랑대역,37.6198415528121,127.08354407564,1
6호선,효창공원앞역,37.5389575890528,126.96211111351451,2
6호선,한강진역,37.5397907743775,127.001765135176,1
6호선,월곡역,37.6018044172918,127.041460725816,1
6호선,버티고개역,37.5478275106099,127.006730866101,1
6호선,보문역,37.58529306083145,127.019777013102,2
7호선,용마산역,37.573715696822,127.086761764772,1
7호선,온수역,37.4921837637489,126.82383837396199,2
7호선,수락산역,37.6778814656816,127.055350968781,1
7호선,신중동역,37.5029525402622,126.776897204578,1
7호선,장암역,37.699956566426,127.052818310578,1
7호선,태릉입구역,37.6179047125606,127.07507853106401,2
7호선,신풍역,37.5001229935524,126.90975434386,1
7호선,장승배기역,37.5048990621814,126.939072381356,1
7호선,신대방삼거리역,37.499757228908564,126.92821094566965,1
7호선,청담역,37.519455579961,127.053717937903,1
7호선,춘의역,37.5036991939036,126.786996627015,1
7호선,숭실대입구역,37.4963172817574,126.953621963422,1
7호선,철산역,37.4761928424537,126.868211027014,1
7호선,어린이대공원역,37.5479626782211,127.074655256871,1
7호선,총신대입구역,37.48604450978735,126.9819429502675,2
7호선,학동역,37.51435840201333,127.0318996437755,1
7호선,면목역,37.5887148877725,127.087503803859,1
7호선,광명사거리역,37.4792983082726,126.854873735158,1
7호선,뚝섬유원지역,37.5315583755646,127.066796230331,1
7호선,공릉역,37.6255427648558,127.073033585328,1
7호선,삼산체육관역,37.5065022485406,126.741423266126,1
7호선,마들역,37.6652017465321,127.057712619869,1
7호선,먹골역,37.6106193846197,127.077762187968,1
7호선,강남구청역,37.5169197081849,127.0414069302765,2
7호선,도봉산역,37.68959584897337,127.04624303805278,2
7호선,사가정역,37.5809403751459,127.088504554212,1
7호선,반포역,37.5081614290284,127.011586161943,1
7호선,건대입구역,37.540638509416695,127.0701536008995,2
7호선,하계역,37.6364765391858,127.067991278758,1
7호선,부평구청역,37.5079496667249,126.7210125362585,2
7호선,부천종합운동장역,37.5054255130821,126.797233841984,1
7호선,부천시청역,37.504643113710536,126.76406251971743,1
7호선,보라매역,37.4999217552104,126.920611175261,1
7호선,고속터미널역,37.5046404710228,127.00478624418979,3
7호선,중화역,37.6025526943256,127.079312037122,1
7호선,천왕역,37.4868564822373,126.838604215448,1
7호선,중계역,37.6450921230569,127.06411035896,1
7호선,중곡역,37.56587524335624,127.08426477413238,1
7호선,상도역,37.5028706251049,126.947917975554,1
7호선,군자역,37.557463120581204,127.079678448464,2
7호선,굴포천역,37.5070455900364,126.731346449706,1
7호선,논현역,37.5112018042687,127.021653112054,1
7호선,상동역,37.50578860265,126.753192450274,1
7호선,가산디지털단지역,37.48096357813655,126.8826382584175,2
7호선,상봉역,37.59642416281793,127.08532965066301,3
7호선,까치울역,37.5062273475174,126.81133736089,1
7호선,대림역,37.4930764726666,126.8958269470465,2
7호선,남구로역,37.48698929041151,126.88797025702439,1
7호선,남성역,37.484793511299706,126.97091020065321,1
7호선,노원역,37.65542571383445,127.06200235100955,2
7호선,내방역,37.4876585212369,126.993600180589,1
8호선,암사역,37.550141060814475,127.1275418321658,1
8호선,문정역,37.4860310539381,127.122484886901,1
8호선,수진역,37.4373779787206,127.140534508419,1
8호선,신흥역,37.4409230460675,127.147538132656,1
8호선,몽촌토성역,37.5178064826321,127.112863087986,1
8호선,모란역,37.43305575073627,127.12954223199009,2
8호선,천호역,37.5382232714691,127.123565904086,2
8호선,남한산성입구역,37.4516686968693,127.159882577768,1
8호선,송파역,37.4997149535067,127.112193506363,1
8호선,단대오거리역,37.4450233869603,127.156772052175,1
8호선,산성역,37.45679930899025,127.15007393689723,1
8호선,복정역,37.469891394473606,127.1266502265915,2
8호선,가락시장역,37.49267428704235,127.11795224173301,2
8호선,장지역,37.4786316933099,127.12617656737,1
8호선,잠실역,37.51381251059615,127.1017496413555,2
8호선,석촌역,37.50519438524795,127.106883866182,2
8호선,강동구청역,37.5302111983522,127.12044373032,1
9호선,여의도역,37.5214727418872,126.9245295165685,2
9호선,선유도역,37.538156854068,126.893333867069,1
9호선,구반포역,37.5014398319603,126.987464905696,1
9호선,송파나루역,37.511016711673854,127.11266284528047,1
9호선,당산역,37.5342867802067,126.9023884241505,2
9호선,염창역,37.546982941543,126.874871603971,1
9호선,신방화역,37.5674865539528,126.817236441801,1
9호선,신반포역,37.5035091412544,126.996082392175,1
9호선,신목동역,37.5442883741577,126.883095790252,1
9호선,종합운동장역,37.51127722522415,127.0750869664935,2
9호선,선정릉역,37.5106280272756,127.0438216527565,2
9호선,증미역,37.5581321602446,126.860637888459,1
9호선,흑석역,37.5091654719404,126.963463063008,1
9호선,국회의사당역,37.5281465047706,126.91783895106,1
9호선,둔촌오륜역,37.5194080372613,127.138652069629,1
9호선,석촌역,37.50519438524795,127.106883866182,2
9호선,언주역,37.5073353959717,127.033970921595,1
9호선,석촌고분역,37.5024642610287,127.096509319053,1
9호선,노량진역,37.513820233800004,126.9415015309505,2
9호선,노들역,37.5126721234205,126.953096069577,1
9호선,샛강역,37.5173737710931,126.928375058271,1
9호선,양천향교역,37.5680808809647,126.841978835328,1
9호선,가양역,37.5614331158033,126.854420294338,1
9호선,김포공항역,37.562055861066824,126.8019088583638,4
9호선,중앙보훈병원역,37.52840258997037,127.14841167813621,1
9호선,삼전역,37.5045508982288,127.087364764327,1
9호선,등촌역,37.5507280806214,126.865572139231,1
9호선,동작역,37.502860489988,126.979430476473,2
9호선,고속터미널역,37.5046404710228,127.00478624418979,3
9호선,봉은사역,37.5142554489848,127.060233935114,1
9호선,신논현역,37.504811111562,127.025492036104,1
9호선,개화역,37.5783445148797,126.796891362602,1
9호선,공항시장역,37.5636883252006,126.810608513395,1
9호선,마곡나루역,37.56617206728751,126.8274583958161,2
9호선,삼성중앙역,37.5129614511319,127.053043676912,1
9호선,올림픽공원역,37.516227655596495,127.1306083033245,2
9호선,사평역,37.5042326273953,127.015272484531,1
9호선,한성백제역,37.5165379932802,127.116449169971,1
경강선,이매역,37.39546083876295,127.1278032805135,2
경강선,부발역,37.2603923465465,127.490321502069,1
경강선,경기광주역,37.3989438131636,127.253282668137,1
경강선,세종대왕릉역,37.2936335226433,127.570659645212,1
경강선,이천역,37.264225761758865,127.44216788016918,1
경강선,판교역,37.394776256512955,127.11158969924,2
경강선,초월역,37.3733791295012,127.299905223152,1
경강선,신둔도예촌역,37.3156122300273,127.405240743375,1
경강선,삼동역,37.4086882887226,127.203381657271,1
경강선,곤지암역,37.3505395429634,127.346251343712,1
경강선,여주역,37.2828596478666,127.628529053998,1
경의중앙선,국수역,37.5161871164552,127.399309828929,1
경의중앙선,운길산역,37.5546425431665,127.310231608596,1
경의중앙선,회기역,37.5897493238656,127.05813740398634,3
경의중앙선,지평역,37.4769063763726,127.628907045378,1
경의중앙선,양정역,37.6040261571296,127.194671346816,1
경의중앙선,금촌역,37.7662265030421,126.774633255205,1
경의중앙선,금릉역,37.7513389843704,126.765410119425,1
경의중앙선,효창공원앞역,37.5389575890528,126.96211111351451,2
경의중앙선,왕십리역,37.56150147025363,127.037887844355,4
경의중앙선,강매역,37.6122904733665,126.844499363241,1
경의중앙선,화전역,37.60331324429987,126.8683857235886,1
경의중앙선,가좌역,37.5687433529646,126.914815128053,1
경의중앙선,공덕역,37.543214808720975,126.95216717062576,4
경의중앙선,원덕역,37.468781735546,127.546558679899,1
경의중앙선,운정역,37.7256036100162,126.767161028033,1
경의중앙선,용문역,37.4818020661568,127.593795306663,1
경의중앙선,옥수역,37.5410399909385,127.0180703022625,2
경의중앙선,오빈역,37.5061671737276,127.473661407181,1
경의중앙선,응봉역,37.5499526279456,127.034483653629,1
경의중앙선,용산역,37.52969071370532,126.96474951762289,2
경의중앙선,구리역,37.6032707405088,127.143350984187,1
경의중앙선,홍대입구역,37.5572085009317,126.92596931053167,3
경의중앙선,청량리역,37.58059196570416,127.04727822250149,4
경의중앙선,곡산역,37.6457575538988,126.801806892782,1
경의중앙선,양평역,37.5091319913375,127.1893334471515,2
경의중앙선,양원역,37.6066060557557,127.107946139148,1
경의중앙선,월롱역,37.7962146380874,126.792585875504,1
경의중앙선,망우역,37.59965667095895,127.092053019857,2
경의중앙선,신원역,37.5255855578889,127.373091698635,1
경의중앙선,양수역,37.5459634283124,127.329138380916,1
경의중앙선,덕소역,37.5868903292078,127.208842710609,1
경의중앙선,도농역,37.6087726045416,127.161178663222,1
경의중앙선,도심역,37.579639075911,127.222683857886,1
경의중앙선,팔당역,37.5473594340956,127.243966151989,1
경의중앙선,상봉역,37.59642416281793,127.08532965066301,3
경의중앙선,행신역,37.61215310939878,126.83426555510584,1
경의중앙선,풍산역,37.6723381857514,126.786275217066,1
경의중앙선,수색역,37.5808625683358,126.895659474538,1
경의중앙선,임진강역,37.8882750558283,126.747078454706,1
경의중앙선,백마역,37.658016621853,126.79461646967,1
경의중앙선,한남역,37.5294289189437,127.009209110584,1
경의중앙선,일산역,37.6820129415088,126.770022642636,1
경의중앙선,디지털미디어시티역,37.57697878605643,126.8999501050849,3
경의중앙선,대곡역,37.6317740227786,126.81041773395049,2
경의중앙선,탄현역,37.6939889446111,126.761078262576,1
경의중앙선,신촌역(경의중앙선),37.5596742361045,126.942088187099,1
경의중앙선,중랑역,37.595907970376345,127.0803830442495,2
경의중앙선,서울역(경의중앙선),37.5569351113375,126.971316773975,1
경의중앙선,야당역,37.712611015679,126.761453983315,1
경의중앙선,파주역,37.8153655831005,126.79269130281,1
경의중앙선,이촌역,37.522514310935335,126.97369876462238,2
경의중앙선,서강대역,37.5521384864879,126.935507621173,1
경의중앙선,문산역,37.854626895054,126.787395378931,1
경의중앙선,서빙고역,37.5195681395063,126.988412074576,1
경의중앙선,능곡역,37.6190245080032,126.820422359748,1
경의중앙선,아신역,37.5139186008078,127.443211499187,1
경춘선,회기역,37.5897493238656,127.05813740398634,3
경춘선,상봉역,37.59642416281793,127.08532965066301,3
경춘선,청평역,37.7355163992466,127.426622860785,1
경춘선,백양리역,37.8307917497493,127.589324987859,1
경춘선,청량리역,37.58059196570416,127.04727822250149,4
경춘선,춘천역,37.884512737384,127.716698593345,1
경춘선,강촌역,37.805721704842,127.634151572422,1
경춘선,갈매역,37.6340689252244,127.114760741021,1
경춘선,평내호평역,37.6532138128125,127.244438968688,1
경춘선,상천역,37.7701784041516,127.454515681516,1
경춘선,사릉역,37.6511251798242,127.176926205792,1
경춘선,가평역,37.8145200514507,127.51073942455,1
경춘선,별내역,37.6420679726917,127.126969149167,1
경춘선,중랑역,37.595907970376345,127.0803830442495,2
경춘선,광운대역,37.62387693023945,127.061840187993,2
경춘선,김유정역,37.8184490071056,127.714323967766,1
경춘선,남춘천역,37.8640466747977,127.723850659304,1
경춘선,금곡역,37.6373551430559,127.207533674718,1
경춘선,굴봉산역,37.8320661917515,127.557769861431,1
경춘선,대성리역,37.6839900741502,127.379706254541,1
경춘선,망우역,37.59965667095895,127.092053019857,2
경춘선,천마산역,37.6592276778117,127.285062700362,1
경춘선,신내역,37.61259779227041,127.1037483272775,2
경춘선,퇴계원역,37.6482657629059,127.14353713662,1
경춘선,마석역,37.652792215501,127.311686554885,1
공항철도,검암역,37.5689655009009,126.67465880269751,2
공항철도,계양역,37.5716438789257,126.7363058199215,2
공항철도,마곡나루역,37.56617206728751,126.8274583958161,2
공항철도,운서역,37.4928088834418,126.493729942049,1
공항철도,인천공항2터미널역,37.4688002145258,126.433640888212,1
공항철도,홍대입구역,37.5572085009317,126.92596931053167,3
공항철도,인천공항1터미널역,37.4475285398516,126.452583415737,1
공항철도,공항화물청사역,37.4590625046021,126.47751440637,1
공항철도,영종역,37.5120289919535,126.524975940011,1
공항철도,청라국제도시역,37.55646453155236,126.62465841357525,1
공항철도,서울역,37.55411322303234,126.97149440831866,3
공항철도,디지털미디어시티역,37.57697878605643,126.8999501050849,3
공항철도,공덕역,37.543214808720975,126.95216717062576,4
공항철도,김포공항역,37.562055861066824,126.8019088583638,4
김포골드라인,김포공항역,37.562055861066824,126.8019088583638,4
김포골드라인,양촌역,37.64174222596719,126.61468168489102,1
김포골드라인,걸포북변역,37.63163703860519,126.70580291803158,1
김포골드라인,운양역,37.6537750040601,126.683844450975,1
김포골드라인,장기역,37.6440651946922,126.66907862282,1
김포골드라인,구래역,37.64526891941782,126.62795573048847,1
김포골드라인,사우역,37.62001926155787,126.72042439059489,1
김포골드라인,마산역,37.6406117204577,126.644004368759,1
김포골드라인,풍무역,37.61266242089956,126.7323442002163,1
김포골드라인,고촌역,37.601213413053,126.770325947061,1
분당선,죽전역,37.3243773830569,127.107505020642,1
분당선,청량리역,37.58059196570416,127.04727822250149,4
분당선,정자역,37.3667502559668,127.108308259905,2
분당선,이매역,37.39546083876295,127.1278032805135,2
분당선,선릉역,37.50483259974001,127.04883524385119,2
분당선,서현역,37.3850154269126,127.123431479636,1
분당선,수서역,37.48746687415025,127.102028224831,2
분당선,수내역,37.3784687674046,127.114288846291,1
분당선,선정릉역,37.5106280272756,127.0438216527565,2
분당선,태평역,37.4397891897361,127.127747545465,1
분당선,서울숲역,37.543645796605,127.044746216358,1
분당선,복정역,37.469891394473606,127.1266502265915,2
분당선,보정역,37.3127749181936,127.108336816968,1
분당선,미금역,37.3500734943661,127.1089050503725,2
분당선,모란역,37.43305575073627,127.12954223199009,2
분당선,매탄권선역,37.2525055074191,127.040808657326,1
분당선,매교역,37.2655153235144,127.01590057208,1
분당선,망포역,37.2458383703858,127.056854781327,1
분당선,한티역,37.4962857047653,127.052909749417,1
분당선,도곡역,37.49130203976455,127.0553034546895,2
분당선,대모산입구역,37.4915500752654,127.073070274916,1
분당선,기흥역,37.275475038974164,127.1165007675512,2
분당선,구성역,37.2989770487314,127.105695833197,1
분당선,구룡역,37.4870274262116,127.059492941655,1
분당선,개포동역,37.4891394691891,127.066120707828,1
분당선,강남구청역,37.5169197081849,127.0414069302765,2
분당선,가천대역,37.4485625950294,127.126695628703,1
분당선,수원시청역,37.2619226180172,127.030857188083,1
분당선,수원역,37.26597772457933,127.00014656071755,2
분당선,상갈역,37.261811831367,127.108737254546,1
분당선,영통역,37.2515035095752,127.07133191773,1
분당선,청명역,37.2595395723925,127.078969000537,1
분당선,압구정로데오역,37.5275193835816,127.040600507256,1
분당선,야탑역,37.4113736407028,127.128742990837,1
분당선,신갈역,37.2861483619847,127.111284750107,1
분당선,왕십리역,37.56150147025363,127.037887844355,4
분당선,오리역,37.3398305519823,127.108948940053,1
서해선,시흥대야역,37.4500998726813,126.792993796201,1
서해선,신현역,37.4095666677686,126.787837234263,1
서해선,선부역,37.3344084544244,126.809989544577,1
서해선,신천역,37.4392442452261,126.786786216335,1
서해선,원곡역,37.3131636235326,126.795743362633,1
서해선,원시역,37.3026237626179,126.786793532374,1
서해선,달미역,37.3487879549025,126.809416088572,1
서해선,초지역,37.320205007584704,126.8069047141515,2
서해선,시흥능곡역,37.3699465347315,126.808721340419,1
서해선,시흥시청역,37.3815616157045,126.80594583874,1
서해선,소사역,37.48285388202778,126.79535242232828,2
서해선,소새울역,37.4685095548124,126.797283854897,1
수인선,오이도역,37.36218429214502,126.73860730452598,2
수인선,달월역,37.3800267658985,126.74540347645,1
수인선,남동인더스파크역,37.4077423820652,126.695227491501,1
수인선,연수역,37.4179270828136,126.678747463037,1
수인선,호구포역,37.4016421735726,126.708683171095,1
수인선,원인재역,37.41279046213255,126.687173466709,2
수인선,신포역,37.4684545360849,126.624533685908,1
수인선,소래포구역,37.4009402347666,126.733492081979,1
수인선,송도역,37.4299616326114,126.654675713707,1
수인선,인천논현역,37.400670023783825,126.72256497910926,1
수인선,인하대역,37.4483386165197,126.649763418519,1
수인선,인천역,37.4763181115205,126.6171097090945,2
수인선,숭의역,37.4607996146127,126.638411351127,1
수인선,월곶역,37.3918207044367,126.742707561155,1
신분당선,광교역,37.3021119263654,127.044268853097,1
신분당선,동천역,37.3378429142383,127.102870440698,1
신분당선,강남역,37.497431283086755,127.0280927603325,2
신분당선,광교중앙역,37.2883843017536,127.051726324729,1
신분당선,양재시민의숲역,37.4701332061395,127.038471341381,1
신분당선,청계산입구역,37.4483547387397,127.054720327179,1
신분당선,양재역,37.484020744498,127.03465910394999,2
신분당선,수지구청역,37.322492584304,127.094658560596,1
신분당선,미금역,37.3500734943661,127.1089050503725,2
신분당선,정자역,37.3667502559668,127.108308259905,2
신분당선,성복역,37.3135324511783,127.08038367116,1
신분당선,판교역,37.394776256512955,127.11158969924,2
신분당선,상현역,37.2978289663421,127.069363534097,1
에버라인,동백역,37.269101384338924,127.15269056435368,1
에버라인,강남대역,37.27017072715994,127.12606689205987,1
에버라인,전대·에버랜드역,37.285463961266004,127.21938281583995,1
에버라인,고진역,37.244638336050315,127.21418360142515,1
에버라인,지석역,37.26973367450708,127.13666637701705,1
에버라인,운동장·송담대역,37.23791838132199,127.20912479024486,1
에버라인,삼가역,37.24205993395667,127.16817999042203,1
에버라인,보평역,37.259047169680784,127.21847649940082,1
에버라인,초당역,37.26080468076816,127.1594624692542,1
에버라인,기흥역,37.275475038974164,127.1165007675512,2
에버라인,김량장역,37.237326471910784,127.19861201343582,1
에버라인,명지대역,37.23807628801618,127.19029130857074,1
에버라인,어정역,37.27495673681397,127.14373973239812,1
에버라인,둔전역,37.26721221736258,127.21363872279483,1
에버라인,시청·용인대역,37.23944203003437,127.17888509175044,1
우이신설선,화계역,37.6340873974011,127.017510491529,1
우이신설선,4.19민주묘지역,37.6495307746374,127.01369763482,1
우이신설선,북한산우이역,37.66298795049364,127.01275601478088,1
우이신설선,솔샘역,37.62025236522223,127.01356992817117,1
우이신설선,솔밭공원역,37.6559782562487,127.013268181236,1
우이신설선,성신여대입구역,37.5926762492046,127.016837259246,2
우이신설선,삼양역,37.6269190539283,127.018156780705,1
우이신설선,삼양사거리역,37.6213181360851,127.020488845069,1
우이신설선,북한산보국문역,37.6121367531121,127.008263392003,1
우이신설선,보문역,37.58529306083145,127.019777013102,2
우이신설선,신설동역,37.57564671163593,127.02461770026345,3
우이신설선,정릉역,37.602614606648,127.013539545056,1
우이신설선,가오리역,37.64163415518241,127.01677238776956,1
의정부경전철,발곡역,37.7271478742052,127.052969199269,1
의정부경전철,송산역,37.7372760423191,127.08721549161,1
의정부경전철,곤제역,37.7505371570413,127.083822421136,1
의정부경전철,경전철의정부역,37.7372643130628,127.04330596631,1
의정부경전철,경기도청북부청사역,37.7507650408734,127.071617829299,1
의정부경전철,회룡역,37.7244005672306,127.047182315447,2
의정부경전철,새말역,37.7488486906286,127.063759511679,1
의정부경전철,탑석역,37.7334871006703,127.088908165858,1
의정부경전철,효자역,37.7539905661041,127.077226606947,1
의정부경전철,동오역,37.745269911047,127.056985043204,1
의정부경전철,범골역,37.7287878498671,127.043668564435,1
의정부경전철,흥선역,37.7432812774722,127.0371736231,1
의정부경전철,의정부시청역,37.739234834508,127.034848091039,1
의정부경전철,어룡역,37.7426941378158,127.085206837732,1
의정부경전철,의정부중앙역,37.7436803165603,127.049649812523,1
인천1호선,인천시청역,37.45770335854755,126.69729441036651,2
인천1호선,부평삼거리역,37.4778357365592,126.710296039281,1
인천1호선,부평구청역,37.5079496667249,126.7210125362585,2
인천1호선,박촌역,37.5536612597496,126.74506746745,1
인천1호선,문학경기장역,37.4346513434001,126.698449383593,1
인천1호선,인천터미널역,37.4419166733897,126.699694889876,1
인천1호선,신연수역,37.4181081550544,126.694019681969,1
인천1호선,동춘역,37.404576119239,126.680851046438,1
인천1호선,인천대입구역,37.3862063921103,126.639542234479,1
인천1호선,동수역,37.4855071635951,126.718606270842,1
인천1호선,동막역,37.3979424375979,126.673448014592,1
인천1호선,계산역,37.5433079533771,126.7277312169,1
인천1호선,귤현역,37.5662988350728,126.742679119614,1
인천1호선,국제업무지구역,37.3996578386606,126.630542158102,1
인천1호선,부평역,37.4899129374112,126.7238929152125,2
인천1호선,경인교대입구역,37.538124360683,126.722631302651,1
인천1호선,부평시장역,37.4983641942962,126.722285373949,1
인천1호선,원인재역,37.41279046213255,126.687173466709,2
인천1호선,센트럴파크역,37.3928455432657,126.634988814949,1
인천1호선,예술회관역,37.4485259845342,126.700916120922,1
인천1호선,캠퍼스타운역,37.38844295632,126.662206121031,1
인천1호선,선학역,37.4269470843403,126.69892316532737,1
인천1호선,작전역,37.5302710952892,126.722560827351,1
인천1호선,지식정보단지역,37.37750721892,126.645861381029,1
인천1호선,임학역,37.5450120455649,126.738633379569,1
인천1호선,계양역,37.5716438789257,126.7363058199215,2
인천1호선,테크노파크역,37.3822809834253,126.656299104753,1
인천1호선,간석오거리역,37.4670826685298,126.707918490817,1
인천1호선,갈산역,37.5171177260985,126.721550773775,1
인천2호선,가정중앙시장역,37.5175263931377,126.676823324228,1
인천2호선,검바위역,37.5611257424349,126.677531491203,1
인천2호선,가재울역,37.4841504406643,126.683769149033,1
인천2호선,검단오류역,37.5949434686845,126.627907494962,1
인천2호선,인천시청역,37.45770335854755,126.69729441036651,2
인천2호선,검단사거리역,37.6016612295398,126.65643839271,1
인천2호선,주안국가산단역,37.4739117730065,126.681221189696,1
인천2호선,검암역,37.5689655009009,126.67465880269751,2
인천2호선,가정역,37.5248168619511,126.675357432309,1
인천2호선,만수역,37.4549755117309,126.731736248865,1
인천2호선,독정역,37.5848500618769,126.676002640967,1
인천2호선,아시아드경기장역,37.5513145630525,126.677107520162,1
인천2호선,완정역,37.5928390497566,126.673033100577,1
인천2호선,석천사거리역,37.4567884972007,126.710422456642,1
인천2호선,석바위시장역,37.4576690774014,126.692353074376,1
인천2호선,석남역,37.5074734021258,126.676301165922,1
인천2호선,서부여성회관역,37.5003434953542,126.675870541598,1
인천2호선,남동구청역,37.4481747324298,126.736565773149,1
인천2호선,서구청역,37.5440446154284,126.676844673062,1
인천2호선,운연역,37.4396425989597,126.759606687799,1
인천2호선,인천가좌역,37.4898360731372,126.675242029489,1
인천2호선,인천대공원역,37.4484766105613,126.752851963764,1
인천2호선,모래내시장역,37.4558628174958,126.719621557604,1
인천2호선,시민공원역,37.4583852139167,126.681074618963,1
인천2호선,마전역,37.5976340869751,126.667223457118,1
인천2호선,왕길역,37.595129055954,126.642477372147,1
인천2호선,주안역,37.46510425763975,126.6794929571495,2
